SensorName,Date-Time(Wave),Name(Wave),Speed(Wave),Launch(Wave),Dir(Wave),BS(Wave),SS(Wave),TS(Wave),SA(Wave),Carry(Wave),Total(Wave),HeadSpeed(Wave),AA(Wave),CP(Wave),SP(Wave),SD(Wave),ML1_SP(Wave),ML1_LA(Wave),ML1_DA(Wave),ML1_BS(Wave),ML1_SS(Wave),ML1_SR(Wave),ML1_SA(Wave),RCT_MEA(Wave),RCT_MEA_AI(Wave),,SensorName,Date-Time(GCQ),ForesightSports:PLAYER1-2025-01-14¿ÀÀü10:4Club(GCQ),Ball(GCQ),BallSpeed(GCQ),LaunchAngle(GCQ),SideAngle(GCQ),Backspin(GCQ),Sidespin(GCQ),TiltAngle(GCQ),TotalSpin(GCQ),Carry(GCQ),Total(GCQ),Offline(GCQ),DescentAngle(GCQ),PeakHeight(GCQ),ClubSpeed(GCQ),Efficiency(GCQ),AngleofAttack(GCQ),ClubPath(GCQ),FacetoPath(GCQ),Lie(GCQ),Loft(GCQ),ClosureRate(GCQ),FaceImpactLateral(GCQ),FaceImpactVertical(GCQ),,SensorName,Date-Time(TM4),Date(TM4),TMDNo(TM4),TMDFilename(TM4),Player(TM4),Club(TM4),Ball(TM4),ClubSpeed(TM4),AttackAngle(TM4),ClubPath(TM4),LowPoint(TM4),SwingPlane(TM4),SwingDirection(TM4),Dyn.Loft(TM4),FaceAngle(TM4),FaceToPath(TM4),BallSpeed(TM4),SmashFactor(TM4),LaunchAngle(TM4),LaunchDirection(TM4),SpinRate(TM4),SpinRateType(TM4),SpinAxis(TM4),MaxHeight-Dist.(TM4),MaxHeight-Height(TM4),MaxHeight-Side(TM4),LastdataPoint-Length(TM4),LastdataPoint-Side(TM4),LastdataPoint-Height(TM4),LastdataPoint-Time(TM4),CarryFlat-Length(TM4),CarryFlat-Side(TM4),CarryFlat-Land.Angle(TM4),CarryFlat-BallSpeed(TM4),CarryFlat-Time(TM4),Est.TotalFlat-Length(TM4),Est.TotalFlat-Side(TM4),DynamicLie(TM4),ImpactOffset(TM4),ImpactHeight(TM4),Curve(TM4),SpinAxis(Sim)(TM4),Curve(Sim)(TM4),Carry(Sim)(TM4),Total(Sim)(TM4),CarrySide(Sim)(TM4),Totalside(Sim)(TM4),LandingAngle(Sim)(TM4),UseInStat(TM4),Tags(TM4),Condition(TM4),Email(TM4),,SensorName,Date-Time(GRadar),Name(GRadar),Speed(GRadar),Launch(GRadar),Dir(GRadar),BS(GRadar),SS(GRadar),TS(GRadar),SA(GRadar),Carry(GRadar),Total(GRadar),HeadSpeed(GRadar),AA(GRadar),CP(GRadar),SP(GRadar),SD(GRadar),ML1_SP(GRadar),ML1_LA(GRadar),ML1_DA(GRadar),ML1_BS(GRadar),ML1_SS(GRadar),ML1_SR(GRadar),ML1_SA(GRadar),RCT_MEA(GRadar),RCT_MEA_AI(GRadar),,
Wave,20210402_031306, SD_2021.04.02_03.13.06_003, 42.31, 13.63, -1.79, 3805.7, -1206.6, 3992.4, -17.6, 105.1, 123.9, 34.1, -6.3, 5.2, 58.5, 2.1, 42.74, 17.30, -3.07, 3977.1, -210.6, 3986.8, -3.9, 0, 1, , GCQ,, , , , , , , , , , , , , , , , , , , , , , , , , , TM4,, , , , , , , , , , , , , , , , , , , , , , , , , , , , , , , , , , , , , , , , , , , , , , , , , , , , , GRadar,, , , , , , , , , , , , , , , , , , , , , , , , , , 
Wave,20210402_031434, SD_2021.04.02_03.14.34_004, 43.28, 18.12, 3.83, 4659.5, 182.8, 4663.1, 2.2, 119.7, 132.8, 35.0, -4.8, 3.5, 56.4, -0.6, 44.15, 20.12, -0.00, 4981.9, 574.2, 5048.9, 6.6, 0, 0, , GCQ,, , , , , , , , , , , , , , , , , , , , , , , , , , TM4,, , , , , , , , , , , , , , , , , , , , , , , , , , , , , , , , , , , , , , , , , , , , , , , , , , , , , GRadar,, , , , , , , , , , , , , , , , , , , , , , , , , , 
Wave,20250114_080534, SD_2025.01.14_08.05.34_005, 46.68, 16.02, -1.31, 4437.2, -292.9, 4446.8, -3.8, 132.4, 146.7, 36.5, -4.7, 0.0, 46.2, -5.3, 24.78, 27.70, 0.44, 2287.3, -36.4, 2299.1, -2.1, 0, 0, , GCQ,, , , , , , , , , , , , , , , , , , , , , , , , , , TM4,, , , , , , , , , , , , , , , , , , , , , , , , , , , , , , , , , , , , , , , , , , , , , , , , , , , , , GRadar,, , , , , , , , , , , , , , , , , , , , , , , , , , 
Wave,20250114_080601, SD_2025.01.14_08.06.01_006, 43.97, 14.86, 0.31, 3977.0, -368.4, 3994.0, -5.3, 118.0, 135.3, 35.1, -4.6, 2.5, 52.3, -1.4, 44.91, 17.27, -2.33, 5229.6, -193.1, 5240.2, -2.1, 0, 0, , GCQ,, , , , , , , , , , , , , , , , , , , , , , , , , , TM4,, , , , , , , , , , , , , , , , , , , , , , , , , , , , , , , , , , , , , , , , , , , , , , , , , , , , , GRadar,, , , , , , , , , , , , , , , , , , , , , , , , , , 
Wave,20250114_080649, SD_2025.01.14_08.06.49_007, 45.04, 19.96, 2.37, 5057.9, -234.2, 5063.4, -2.7, 128.1, 138.3, 34.9, -4.4, 4.3, 56.1, 1.0, 45.56, 20.36, -0.27, 4077.1, -574.4, 4141.6, -8.5, 0, 0, , GCQ,, , , , , , , , , , , , , , , , , , , , , , , , , , TM4,, , , , , , , , , , , , , , , , , , , , , , , , , , , , , , , , , , , , , , , , , , , , , , , , , , , , , GRadar,, , , , , , , , , , , , , , , , , , , , , , , , , , 
Wave,20250114_080812, SD_2025.01.14_08.08.12_011, 46.73, 18.15, 3.11, 4763.6, 573.9, 4798.0, 6.9, 134.5, 145.8, 35.3, -4.4, 0.5, 52.3, -4.4, 47.24, 18.99, 0.13, 5633.7, -15.7, 5638.1, -0.7, 0, 0, , GCQ,, , , , , , , , , , , , , , , , , , , , , , , , , , TM4,, , , , , , , , , , , , , , , , , , , , , , , , , , , , , , , , , , , , , , , , , , , , , , , , , , , , , GRadar,, , , , , , , , , , , , , , , , , , , , , , , , , , 
Wave,20250114_082547, SD_2025.01.14_08.25.47_015, 41.11, 15.10, -4.48, 3960.8, 171.4, 3964.5, 2.5, 105.0, 122.6, 34.5, -5.1, -6.2, 52.5, -11.5, 41.83, 17.94, -5.72, 5603.4, 273.7, 5600.0, 2.6, 0, 0, , GCQ,, , , , , , , , , , , , , , , , , , , , , , , , , , TM4,, , , , , , , , , , , , , , , , , , , , , , , , , , , , , , , , , , , , , , , , , , , , , , , , , , , , , GRadar,, , , , , , , , , , , , , , , , , , , , , , , , , , 
Wave,20250114_082617, SD_2025.01.14_08.26.17_016, 42.42, 16.72, -4.74, 4287.9, 341.6, 4301.4, 4.6, 114.3, 129.2, 34.7, -4.6, -7.6, 48.5, -13.3, 27.41, 25.67, -3.09, 2086.2, -14.9, 2130.1, -4.2, 0, 0, , GCQ,, , , , , , , , , , , , , , , , , , , , , , , , , , TM4,, , , , , , , , , , , , , , , , , , , , , , , , , , , , , , , , , , , , , , , , , , , , , , , , , , , , , GRadar,, , , , , , , , , , , , , , , , , , , , , , , , , , 
Wave,20250114_082643, SD_2025.01.14_08.26.43_017, 46.59, 17.29, -1.50, 4493.6, 368.7, 4508.7, 4.7, 133.5, 146.7, 36.6, -3.0, -3.8, 53.9, -7.2, 46.67, 17.05, -4.54, 4688.4, 285.3, 4650.7, 2.2, 0, 0, , GCQ,, , , , , , , , , , , , , , , , , , , , , , , , , , TM4,, , , , , , , , , , , , , , , , , , , , , , , , , , , , , , , , , , , , , , , , , , , , , , , , , , , , , GRadar,, , , , , , , , , , , , , , , , , , , , , , , , , , 
Wave,20250114_083803, SD_2025.01.14_08.38.03_025, 58.23, 12.85, 1.94, 3162.8, 384.9, 3186.1, 6.9, 185.1, 200.8, 44.1, -2.0, 0.2, 40.4, -3.2, 58.79, 12.35, -0.52, 3542.7, 768.8, 3629.4, 11.9, 0, 0, , GCQ,, , , , , , , , , , , , , , , , , , , , , , , , , , TM4,, , , , , , , , , , , , , , , , , , , , , , , , , , , , , , , , , , , , , , , , , , , , , , , , , , , , , GRadar,, , , , , , , , , , , , , , , , , , , , , , , , , , 
Wave,20250114_084045, SD_2025.01.14_08.40.45_026, 57.91, 16.01, 2.76, 3689.3, 1149.8, 3864.3, 17.3, 181.8, 192.8, 43.3, -1.6, -3.6, 38.3, -7.7, 58.53, 15.34, -0.55, 3458.2, 594.3, 3489.9, 8.9, 0, 0, , GCQ,, , , , , , , , , , , , , , , , , , , , , , , , , , TM4,, , , , , , , , , , , , , , , , , , , , , , , , , , , , , , , , , , , , , , , , , , , , , , , , , , , , , GRadar,, , , , , , , , , , , , , , , , , , , , , , , , , , 
Wave,20250114_084252, SD_2025.01.14_08.42.52_029, 59.42, 9.98, -2.08, 2229.5, 360.0, 2258.4, 9.2, 184.5, 206.2, 45.0, 0.1, -4.8, 42.7, -5.4, 34.45, 23.80, -0.72, 2369.3, -128.3, 2357.9, -3.3, 0, 0, , GCQ,, , , , , , , , , , , , , , , , , , , , , , , , , , TM4,, , , , , , , , , , , , , , , , , , , , , , , , , , , , , , , , , , , , , , , , , , , , , , , , , , , , , GRadar,, , , , , , , , , , , , , , , , , , , , , , , , , , 
Wave,20250114_084338, SD_2025.01.14_08.43.38_030, 60.46, 7.78, -5.09, 2300.3, -479.9, 2349.8, -11.8, 179.1, 206.1, 45.9, -0.6, -4.4, 40.4, -5.0, 46.14, 16.70, -3.43, 1885.1, -166.0, 2063.4, -14.2, 0, 1, , GCQ,, , , , , , , , , , , , , , , , , , , , , , , , , , TM4,, , , , , , , , , , , , , , , , , , , , , , , , , , , , , , , , , , , , , , , , , , , , , , , , , , , , , GRadar,, , , , , , , , , , , , , , , , , , , , , , , , , , 
Wave,20250114_084418, SD_2025.01.14_08.44.18_031, 60.96, 12.24, -4.58, 2617.6, -393.9, 2647.1, -8.6, 199.0, 219.1, 45.6, 0.7, -3.6, 42.5, -2.4, 61.33, 14.36, -3.44, 2336.4, -465.2, 2509.3, -14.2, 0, 1, , GCQ,, , , , , , , , , , , , , , , , , , , , , , , , , , TM4,, , , , , , , , , , , , , , , , , , , , , , , , , , , , , , , , , , , , , , , , , , , , , , , , , , , , , GRadar,, , , , , , , , , , , , , , , , , , , , , , , , , , 
Wave,20250114_084503, SD_2025.01.14_08.45.03_032, 59.15, 11.40, 0.01, 2570.2, 169.4, 2575.8, 3.8, 188.8, 208.2, 44.1, -0.4, -1.0, 42.3, -1.8, 59.64, 11.39, -2.11, 3418.9, 109.5, 3452.8, 2.6, 0, 0, , GCQ,, , , , , , , , , , , , , , , , , , , , , , , , , , TM4,, , , , , , , , , , , , , , , , , , , , , , , , , , , , , , , , , , , , , , , , , , , , , , , , , , , , , GRadar,, , , , , , , , , , , , , , , , , , , , , , , , , , 
Wave,20250114_084548, SD_2025.01.14_08.45.48_033, 57.35, 13.24, 3.40, 3130.7, 459.0, 3164.2, 8.3, 180.4, 195.3, 44.0, 98765.0, 98765.0, 98765.0, 98765.0, 25.24, 26.73, 1.23, 2176.1, -85.2, 2172.2, -5.1, 0, 0, , GCQ,, , , , , , , , , , , , , , , , , , , , , , , , , , TM4,, , , , , , , , , , , , , , , , , , , , , , , , , , , , , , , , , , , , , , , , , , , , , , , , , , , , , GRadar,, , , , , , , , , , , , , , , , , , , , , , , , , , 
Wave,20250114_084655, SD_2025.01.14_08.46.55_034, 56.54, 16.32, 5.01, 3259.1, 1463.1, 3572.4, 24.2, 175.3, 188.5, 42.5, 0.9, -2.8, 41.2, -3.5, 57.37, 16.85, 1.07, 3892.7, -149.0, 3985.9, -3.1, 0, 1, , GCQ,, , , , , , , , , , , , , , , , , , , , , , , , , , TM4,, , , , , , , , , , , , , , , , , , , , , , , , , , , , , , , , , , , , , , , , , , , , , , , , , , , , , GRadar,, , , , , , , , , , , , , , , , , , , , , , , , , , 
Wave,20250114_084751, SD_2025.01.14_08.47.51_035, 58.10, 17.62, 1.10, 3913.6, 997.8, 4038.8, 14.3, 183.1, 191.9, 42.5, -1.4, -5.0, 41.5, -8.4, 59.17, 18.84, -1.41, 3642.7, -199.0, 3690.4, -5.3, 0, 0, , GCQ,, , , , , , , , , , , , , , , , , , , , , , , , , , TM4,, , , , , , , , , , , , , , , , , , , , , , , , , , , , , , , , , , , , , , , , , , , , , , , , , , , , , GRadar,, , , , , , , , , , , , , , , , , , , , , , , , , , 
Wave,20250114_084844, SD_2025.01.14_08.48.44_037, 60.98, 7.17, -7.70, 1646.5, -794.7, 1828.3, -25.8, 163.8, 196.0, 44.0, 1.5, -6.5, 40.2, -4.0, 76.29, 19.30, 3.04, 5413.3, 336.2, 5452.9, 3.1, 0, 1, , GCQ,, , , , , , , , , , , , , , , , , , , , , , , , , , TM4,, , , , , , , , , , , , , , , , , , , , , , , , , , , , , , , , , , , , , , , , , , , , , , , , , , , , , GRadar,, , , , , , , , , , , , , , , , , , , , , , , , , , 
Wave,20250114_084950, SD_2025.01.14_08.49.50_038, 58.93, 12.75, -0.80, 3025.1, 459.2, 3059.7, 8.6, 188.3, 204.8, 44.0, -1.4, -3.8, 40.7, -6.6, 34.17, 23.78, -0.10, 2503.8, -96.5, 2504.3, -4.9, 0, 0, , GCQ,, , , , , , , , , , , , , , , , , , , , , , , , , , TM4,, , , , , , , , , , , , , , , , , , , , , , , , , , , , , , , , , , , , , , , , , , , , , , , , , , , , , GRadar,, , , , , , , , , , , , , , , , , , , , , , , , , , 
Wave,20250114_085108, SD_2025.01.14_08.51.08_039, 60.44, 7.56, -3.96, 1476.7, 15.5, 1476.7, 0.6, 171.6, 203.3, 42.5, 2.4, -5.5, 41.3, -2.5, 74.33, 16.03, -1.51, 7569.5, 641.9, 7597.4, 7.3, 0, 1, , GCQ,, , , , , , , , , , , , , , , , , , , , , , , , , , TM4,, , , , , , , , , , , , , , , , , , , , , , , , , , , , , , , , , , , , , , , , , , , , , , , , , , , , , GRadar,, , , , , , , , , , , , , , , , , , , , , , , , , , 
Wave,20250114_085216, SD_2025.01.14_08.52.16_040, 58.70, 12.11, 2.83, 2956.3, 778.8, 3057.1, 14.8, 184.3, 201.4, 44.0, -1.7, -1.0, 42.8, -4.3, 59.36, 13.33, -0.09, 3321.6, -48.5, 3376.3, -1.4, 0, 0, , GCQ,, , , , , , , , , , , , , , , , , , , , , , , , , , TM4,, , , , , , , , , , , , , , , , , , , , , , , , , , , , , , , , , , , , , , , , , , , , , , , , , , , , , GRadar,, , , , , , , , , , , , , , , , , , , , , , , , , , 
Wave,20250114_085251, SD_2025.01.14_08.52.51_041, 59.30, 15.50, 0.34, 3507.3, 607.4, 3559.5, 9.8, 190.8, 202.4, 44.0, -0.9, -3.3, 40.9, -5.5, 59.91, 17.21, -1.16, 2672.4, -303.6, 2761.7, -9.3, 0, 1, , GCQ,, , , , , , , , , , , , , , , , , , , , , , , , , , TM4,, , , , , , , , , , , , , , , , , , , , , , , , , , , , , , , , , , , , , , , , , , , , , , , , , , , , , GRadar,, , , , , , , , , , , , , , , , , , , , , , , , , , 
Wave,20250114_085341, SD_2025.01.14_08.53.41_043, 57.95, 12.77, -0.39, 2811.7, 652.9, 2886.5, 13.1, 183.4, 200.9, 44.4, -0.0, -4.3, 41.7, -5.4, 60.70, 21.18, -0.45, 5439.3, 364.1, 5449.0, 4.0, 0, 1, , GCQ,, , , , , , , , , , , , , , , , , , , , , , , , , , TM4,, , , , , , , , , , , , , , , , , , , , , , , , , , , , , , , , , , , , , , , , , , , , , , , , , , , , , GRadar,, , , , , , , , , , , , , , , , , , , , , , , , , , 
Wave,20250114_085420, SD_2025.01.14_08.54.20_044, 59.37, 7.09, -1.21, 2141.3, 823.7, 2294.2, 21.0, 162.4, 187.3, 46.1, -0.4, -5.2, 41.6, -6.8, 59.54, 11.45, -2.01, 2798.0, -306.7, 2874.2, -7.9, 0, 0, , GCQ,, , , , , , , , , , , , , , , , , , , , , , , , , , TM4,, , , , , , , , , , , , , , , , , , , , , , , , , , , , , , , , , , , , , , , , , , , , , , , , , , , , , GRadar,, , , , , , , , , , , , , , , , , , , , , , , , , , 
Wave,20250114_085540, SD_2025.01.14_08.55.40_045, 57.43, 12.79, 3.40, 2926.6, 1032.7, 3103.4, 19.4, 177.7, 195.0, 42.6, -1.3, -2.0, 41.9, -5.2, 57.88, 12.62, -0.30, 3781.6, 582.7, 3911.6, 8.0, 0, 0, , GCQ,, , , , , , , , , , , , , , , , , , , , , , , , , , TM4,, , , , , , , , , , , , , , , , , , , , , , , , , , , , , , , , , , , , , , , , , , , , , , , , , , , , , GRadar,, , , , , , , , , , , , , , , , , , , , , , , , , , 
Wave,20250114_085653, SD_2025.01.14_08.56.53_046, 60.04, 14.33, -1.94, 2780.4, 466.4, 2819.3, 9.5, 197.9, 214.4, 44.2, 1.5, -5.6, 41.0, -4.3, 60.20, 14.91, -3.15, 2584.1, -622.9, 2826.0, -17.1, 0, 1, , GCQ,, , , , , , , , , , , , , , , , , , , , , , , , , , TM4,, , , , , , , , , , , , , , , , , , , , , , , , , , , , , , , , , , , , , , , , , , , , , , , , , , , , , GRadar,, , , , , , , , , , , , , , , , , , , , , , , , , , 
Wave,20250114_085738, SD_2025.01.14_08.57.38_048, 54.88, 12.32, 6.67, 3802.4, 1813.5, 4212.8, 25.5, 157.6, 173.8, 41.0, -3.1, -0.6, 40.9, -6.8, 55.98, 14.78, 2.70, 3725.9, 474.7, 3803.6, 6.4, 0, 0, , GCQ,, , , , , , , , , , , , , , , , , , , , , , , , , , TM4,, , , , , , , , , , , , , , , , , , , , , , , , , , , , , , , , , , , , , , , , , , , , , , , , , , , , , GRadar,, , , , , , , , , , , , , , , , , , , , , , , , , , 
Wave,20250114_085802, SD_2025.01.14_08.58.02_049, 59.19, 6.11, -8.78, 1121.9, -1116.6, 1582.9, -44.9, 117.8, 146.8, 44.0, 2.7, -6.2, 42.9, -2.0, 78.51, 18.66, -0.64, 7105.3, -15.8, 7164.2, 1.8, 0, 1, , GCQ,, , , , , , , , , , , , , , , , , , , , , , , , , , TM4,, , , , , , , , , , , , , , , , , , , , , , , , , , , , , , , , , , , , , , , , , , , , , , , , , , , , , GRadar,, , , , , , , , , , , , , , , , , , , , , , , , , , 
Wave,20250114_085904, SD_2025.01.14_08.59.04_050, 52.86, 11.70, 1.51, 3570.3, 471.1, 3601.2, 7.5, 154.5, 172.7, 39.4, -3.5, -0.5, 40.4, -6.2, 53.45, 15.98, -0.39, 3868.7, -543.9, 4019.6, -10.4, 0, 0, , GCQ,, , , , , , , , , , , , , , , , , , , , , , , , , , TM4,, , , , , , , , , , , , , , , , , , , , , , , , , , , , , , , , , , , , , , , , , , , , , , , , , , , , , GRadar,, , , , , , , , , , , , , , , , , , , , , , , , , , 
Wave,20250114_085954, SD_2025.01.14_08.59.54_051, 59.47, 11.88, -2.96, 2584.4, 6.4, 2584.4, 0.1, 191.8, 210.7, 44.1, 0.1, -3.9, 40.6, -4.0, 59.73, 11.77, -3.44, 2720.5, -182.7, 2821.6, -6.1, 0, 0, , GCQ,, , , , , , , , , , , , , , , , , , , , , , , , , , TM4,, , , , , , , , , , , , , , , , , , , , , , , , , , , , , , , , , , , , , , , , , , , , , , , , , , , , , GRadar,, , , , , , , , , , , , , , , , , , , , , , , , , , 
Wave,20250114_090036, SD_2025.01.14_09.00.36_052, 58.44, 10.74, -2.48, 2464.0, 491.9, 2512.6, 11.3, 181.6, 202.0, 44.2, -0.6, -6.2, 40.5, -7.9, 30.54, 25.59, -2.03, 2234.0, -5.8, 2238.1, -1.5, 0, 0, , GCQ,, , , , , , , , , , , , , , , , , , , , , , , , , , TM4,, , , , , , , , , , , , , , , , , , , , , , , , , , , , , , , , , , , , , , , , , , , , , , , , , , , , , GRadar,, , , , , , , , , , , , , , , , , , , , , , , , , , 
Wave,20250114_090121, SD_2025.01.14_09.01.21_053, 59.30, 9.78, -3.58, 2279.8, 90.9, 2281.6, 2.3, 184.2, 205.9, 45.6, -0.3, -5.1, 41.2, -5.9, 59.51, 12.12, -2.70, 2683.2, -359.3, 2768.7, -9.7, 0, 0, , GCQ,, , , , , , , , , , , , , , , , , , , , , , , , , , TM4,, , , , , , , , , , , , , , , , , , , , , , , , , , , , , , , , , , , , , , , , , , , , , , , , , , , , , GRadar,, , , , , , , , , , , , , , , , , , , , , , , , , , 
Wave,20250114_090202, SD_2025.01.14_09.02.02_054, 57.89, 12.03, 0.10, 3005.7, 456.0, 3040.1, 8.6, 182.0, 199.3, 44.0, -2.4, -2.6, 41.0, -6.8, 71.54, 17.81, -1.58, 5075.9, 265.7, 5145.3, 4.0, 0, 1, , GCQ,, , , , , , , , , , , , , , , , , , , , , , , , , , TM4,, , , , , , , , , , , , , , , , , , , , , , , , , , , , , , , , , , , , , , , , , , , , , , , , , , , , , GRadar,, , , , , , , , , , , , , , , , , , , , , , , , , , 
Wave,20250114_090246, SD_2025.01.14_09.02.46_055, 57.85, 12.81, -2.16, 3158.6, -140.0, 3161.7, -2.5, 183.8, 199.7, 43.2, -2.5, -2.0, 43.5, -5.2, 58.71, 15.11, -3.07, 2871.4, -403.0, 3015.8, -11.4, 0, 0, , GCQ,, , , , , , , , , , , , , , , , , , , , , , , , , , TM4,, , , , , , , , , , , , , , , , , , , , , , , , , , , , , , , , , , , , , , , , , , , , , , , , , , , , , GRadar,, , , , , , , , , , , , , , , , , , , , , , , , , , 
Wave,20250114_090330, SD_2025.01.14_09.03.30_056, 57.28, 12.73, 2.42, 2980.1, 1002.5, 3144.2, 18.6, 176.6, 194.4, 41.8, -1.9, -3.2, 41.7, -7.4, 57.60, 13.63, 0.37, 3760.3, 458.0, 3781.4, 8.3, 0, 1, , GCQ,, , , , , , , , , , , , , , , , , , , , , , , , , , TM4,, , , , , , , , , , , , , , , , , , , , , , , , , , , , , , , , , , , , , , , , , , , , , , , , , , , , , GRadar,, , , , , , , , , , , , , , , , , , , , , , , , , , 
Wave,20250114_090408, SD_2025.01.14_09.04.08_057, 57.72, 12.71, -0.36, 2825.1, 661.4, 2901.5, 13.2, 182.0, 199.5, 44.0, -0.3, -4.4, 44.2, -5.8, 61.93, 19.81, -0.93, 5486.9, 297.6, 5466.8, 3.5, 0, 1, , GCQ,, , , , , , , , , , , , , , , , , , , , , , , , , , TM4,, , , , , , , , , , , , , , , , , , , , , , , , , , , , , , , , , , , , , , , , , , , , , , , , , , , , , GRadar,, , , , , , , , , , , , , , , , , , , , , , , , , , 
Wave,20250114_090448, SD_2025.01.14_09.04.48_058, 60.68, 5.09, -8.35, 1509.0, -1334.9, 2014.7, -41.5, 124.1, 158.3, 45.9, -6.5, 0.7, 45.7, -5.0, 43.37, 22.78, 3.02, 3239.2, 439.6, 3255.3, 0.7, 0, 0, , GCQ,, , , , , , , , , , , , , , , , , , , , , , , , , , TM4,, , , , , , , , , , , , , , , , , , , , , , , , , , , , , , , , , , , , , , , , , , , , , , , , , , , , , GRadar,, , , , , , , , , , , , , , , , , , , , , , , , , , 
Wave,20250114_090518, SD_2025.01.14_09.05.18_059, 55.92, 13.98, 4.47, 2879.9, 1276.6, 3150.1, 23.9, 170.8, 187.8, 41.1, -0.1, -2.5, 43.3, -4.5, 56.56, 13.27, 2.52, 3640.0, 216.8, 3641.0, 3.2, 0, 0, , GCQ,, , , , , , , , , , , , , , , , , , , , , , , , , , TM4,, , , , , , , , , , , , , , , , , , , , , , , , , , , , , , , , , , , , , , , , , , , , , , , , , , , , , GRadar,, , , , , , , , , , , , , , , , , , , , , , , , , , 
Wave,20250114_090653, SD_2025.01.14_09.06.53_062, 53.39, 12.73, 9.71, 3838.3, 2149.6, 4399.2, 29.2, 149.1, 165.8, 39.4, -3.5, 1.2, 43.9, -5.5, 53.11, 15.00, 4.83, 3536.9, 233.8, 3644.1, 3.6, 0, 0, , GCQ,, , , , , , , , , , , , , , , , , , , , , , , , , , TM4,, , , , , , , , , , , , , , , , , , , , , , , , , , , , , , , , , , , , , , , , , , , , , , , , , , , , , GRadar,, , , , , , , , , , , , , , , , , , , , , , , , , , 
Wave,20250114_090716, SD_2025.01.14_09.07.16_063, 57.65, 13.76, -1.87, 3056.9, 3.1, 3056.9, 0.1, 185.0, 200.8, 42.6, -0.9, -2.5, 42.2, -3.9, 58.01, 15.66, -2.67, 1882.9, -573.2, 2088.5, -21.4, 0, 0, , GCQ,, , , , , , , , , , , , , , , , , , , , , , , , , , TM4,, , , , , , , , , , , , , , , , , , , , , , , , , , , , , , , , , , , , , , , , , , , , , , , , , , , , , GRadar,, , , , , , , , , , , , , , , , , , , , , , , , , , 
Wave,20250114_090758, SD_2025.01.14_09.07.58_064, 55.95, 8.45, -0.21, 1615.2, 1089.3, 1948.2, 34.0, 138.5, 165.2, 42.5, 2.6, -6.0, 40.8, -3.6, 26.98, 25.49, 1.73, 2091.2, -171.7, 2079.5, -4.5, 0, 0, , GCQ,, , , , , , , , , , , , , , , , , , , , , , , , , , TM4,, , , , , , , , , , , , , , , , , , , , , , , , , , , , , , , , , , , , , , , , , , , , , , , , , , , , , GRadar,, , , , , , , , , , , , , , , , , , , , , , , , , , 
Wave,20250114_090849, SD_2025.01.14_09.08.49_065, 60.61, 7.43, -4.46, 1883.1, -430.5, 1931.7, -12.9, 174.1, 204.3, 44.0, 0.7, -3.9, 43.3, -2.9, 76.00, 18.13, -0.90, 7511.3, 484.6, 7556.4, 6.6, 0, 1, , GCQ,, , , , , , , , , , , , , , , , , , , , , , , , , , TM4,, , , , , , , , , , , , , , , , , , , , , , , , , , , , , , , , , , , , , , , , , , , , , , , , , , , , , GRadar,, , , , , , , , , , , , , , , , , , , , , , , , , , 
Wave,20250114_090928, SD_2025.01.14_09.09.28_066, 58.16, 9.84, -1.65, 1975.3, 710.2, 2099.1, 19.8, 171.4, 195.4, 44.1, 2.7, -5.8, 41.5, -3.1, 70.56, 19.17, -1.49, 4896.8, 20.7, 4881.0, 1.1, 0, 1, , GCQ,, , , , , , , , , , , , , , , , , , , , , , , , , , TM4,, , , , , , , , , , , , , , , , , , , , , , , , , , , , , , , , , , , , , , , , , , , , , , , , , , , , , GRadar,, , , , , , , , , , , , , , , , , , , , , , , , , , 
Wave,20250114_091016, SD_2025.01.14_09.10.16_067, 54.16, 17.97, 6.15, 4796.3, 2016.2, 5202.8, 22.8, 159.8, 168.3, 39.5, -1.2, -2.7, 41.9, -6.6, 55.10, 18.70, 2.69, 3757.3, -97.7, 3867.8, -4.5, 0, 0, , GCQ,, , , , , , , , , , , , , , , , , , , , , , , , , , TM4,, , , , , , , , , , , , , , , , , , , , , , , , , , , , , , , , , , , , , , , , , , , , , , , , , , , , , GRadar,, , , , , , , , , , , , , , , , , , , , , , , , , , 
Wave,20250114_091037, SD_2025.01.14_09.10.37_068, 57.07, 12.39, -0.13, 3105.6, 417.1, 3133.4, 7.6, 178.5, 195.7, 42.5, -3.3, -2.8, 40.7, -8.2, 57.80, 14.41, -1.53, 2740.7, -60.1, 2782.9, -3.4, 0, 0, , GCQ,, , , , , , , , , , , , , , , , , , , , , , , , , , TM4,, , , , , , , , , , , , , , , , , , , , , , , , , , , , , , , , , , , , , , , , , , , , , , , , , , , , , GRadar,, , , , , , , , , , , , , , , , , , , , , , , , , , 
Wave,20250114_091122, SD_2025.01.14_09.11.22_069, 56.20, 14.37, 0.72, 3263.5, 671.3, 3331.8, 11.6, 176.5, 191.5, 41.0, -2.0, -3.5, 42.7, -7.3, 56.83, 14.31, -0.77, 2718.3, 75.2, 2789.2, -1.4, 0, 0, , GCQ,, , , , , , , , , , , , , , , , , , , , , , , , , , TM4,, , , , , , , , , , , , , , , , , , , , , , , , , , , , , , , , , , , , , , , , , , , , , , , , , , , , , GRadar,, , , , , , , , , , , , , , , , , , , , , , , , , , 
Wave,20250114_091203, SD_2025.01.14_09.12.03_070, 59.34, 12.80, -4.15, 2986.9, 99.8, 2988.5, 1.9, 191.7, 207.8, 44.6, -0.9, -4.8, 42.1, -6.3, 59.83, 13.31, -3.72, 2506.0, -257.1, 2601.4, -8.2, 0, 1, , GCQ,, , , , , , , , , , , , , , , , , , , , , , , , , , TM4,, , , , , , , , , , , , , , , , , , , , , , , , , , , , , , , , , , , , , , , , , , , , , , , , , , , , , GRadar,, , , , , , , , , , , , , , , , , , , , , , , , , , 
Wave,20250114_091247, SD_2025.01.14_09.12.47_071, 55.81, 9.95, 4.02, 2357.3, 1147.2, 2621.7, 25.9, 156.5, 179.0, 41.0, -2.5, -2.4, 40.6, -7.6, 29.30, 24.12, 1.61, 1760.1, -300.2, 1782.2, -6.7, 0, 0, , GCQ,, , , , , , , , , , , , , , , , , , , , , , , , , , TM4,, , , , , , , , , , , , , , , , , , , , , , , , , , , , , , , , , , , , , , , , , , , , , , , , , , , , , GRadar,, , , , , , , , , , , , , , , , , , , , , , , , , , 
Wave,20250114_091325, SD_2025.01.14_09.13.25_073, 58.19, 8.61, -0.60, 1777.5, 908.4, 1996.2, 27.1, 158.8, 184.2, 44.0, 2.3, -5.4, 39.8, -3.1, 80.69, 18.11, -0.75, 7438.0, 114.7, 7549.3, 3.6, 0, 1, , GCQ,, , , , , , , , , , , , , , , , , , , , , , , , , , TM4,, , , , , , , , , , , , , , , , , , , , , , , , , , , , , , , , , , , , , , , , , , , , , , , , , , , , , GRadar,, , , , , , , , , , , , , , , , , , , , , , , , , , 
Wave,20250114_091426, SD_2025.01.14_09.14.26_074, 58.55, 6.94, -3.94, 2120.0, -322.0, 2144.3, -8.6, 162.4, 187.4, 42.6, -1.4, -3.7, 42.1, -5.5, 58.50, 9.07, -3.82, 2199.0, -294.9, 2268.3, -7.4, 0, 0, , GCQ,, , , , , , , , , , , , , , , , , , , , , , , , , , TM4,, , , , , , , , , , , , , , , , , , , , , , , , , , , , , , , , , , , , , , , , , , , , , , , , , , , , , GRadar,, , , , , , , , , , , , , , , , , , , , , , , , , , 
Wave,20250114_095706, SD_2025.01.14_09.57.06_080, 59.05, 12.07, -4.25, 2711.3, 112.2, 2713.7, 2.4, 189.9, 207.8, 44.1, -0.4, -4.9, 41.0, -5.7, 59.35, 14.85, -4.24, 2380.6, -711.5, 2573.1, -18.5, 0, 0, , GCQ,20250114_095706, Driver,  Standard,  59.1,  12.7,  -2.6,  1668,  -774,  -24.9,  1839,  190.8,  212.4,  -42.0,  27.8,  17.7,  --,  --,  --,  --,  --,  --,  --,  0.0,  --,  --, , TM4,20250114_095706, 2025-01-14 AM 9:57:06, , , Unknown Player, Driver, Premium, 41.196, 1.4, -3.3999999999999995, -7.1, 37.506, -2.4410000000000003, 13.431, -2.147, 1.253, 59.3715, 1.4412, 12.130000000000003, -2.2959999999999994, 1726.03, Measured, -13.892, 107.99508666992188, 19.46010451716224, -10.873003292910052, 172.484907377089, -21.038893386637614, -0.15148801695801514, 4.705731, 172.25463699674705, -21.000949092446202, 33.25736939274345, 30.571489334106445, 4.696711, 201.16484623182632, -25.76278072587168, 49.292266882060424, 9.391797630499534, -0.6313954469370104, -14.135, , , , , , , , TRUE, , , , , GRadar,20250114_095703, SD_2025.01.14_09.57.03_004, 59.35, 13.00, -3.73, 2558.8, -786.4, 2676.9, -17.1, 185.7, 207.2, 44.0, 98765.0, 98765.0, 98765.0, 98765.0, 60.83, 18.89, -0.82, 3567.4, -67.5, 3637.3, -2.7, 0, 1, , 
Wave,20250114_095825, SD_2025.01.14_09.58.25_081, 60.62, 9.97, -1.81, 2350.4, -169.7, 2356.5, -4.1, 191.8, 216.3, 45.6, -0.5, -1.4, 41.1, -2.0, 51.36, 18.27, -1.20, 2270.8, -190.9, 2411.6, -11.8, 0, 1, , GCQ,20250114_095825, Driver,  Standard,  60.3,  11.1,  0.0,  1513,  -956,  -32.3,  1790,  182.9,  211.0,  -38.6,  23.2,  14.0,  --,  --,  --,  --,  --,  --,  --,  0.0,  --,  --, , TM4,20250114_095825, 2025-01-14 AM 9:58:25, , , Unknown Player, Driver, Premium, 41.808, 1.4, -0.6, -7.3999999999999995, 41.111, 0.479, 12.008999999999999, -0.8020000000000002, -0.202, 60.783, 1.4539, 10.737000000000002, -0.777, 1718.47, Measured, -28.906, 93.11438751220703, 10.802867142552477, -5.456901406806118, 159.29121913857156, -15.32513216840314, -0.8404803145380828, 3.929483, 157.1355369348329, -14.915404699586576, 20.794069309398573, 31.643802642822266, 3.856024, 198.10402708626444, -22.61570971979909, 49.32955554429597, 8.07811700975776, 3.9670205278526254, -12.792, , , , , , , , TRUE, , , , , GRadar,20250114_095822, SD_2025.01.14_09.58.22_005, 60.40, 10.44, -1.16, 774.0, -387.0, 865.4, -26.6, 162.5, 192.0, 44.0, 98765.0, 98765.0, 98765.0, 98765.0, 60.88, 17.37, -2.53, 3324.8, 217.0, 3330.6, 3.4, 0, 1, , 
Wave,20250114_095938, SD_2025.01.14_09.59.38_082, 58.66, 14.37, -2.84, 3163.9, -183.6, 3169.2, -3.3, 190.1, 204.1, 44.1, -0.3, -2.5, 41.4, -2.8, 60.07, 17.30, -3.79, 2388.2, -349.7, 2486.0, -11.1, 0, 1, , GCQ,20250114_095938, Driver,  Standard,  59.4,  15.0,  -2.3,  1589,  -443,  -15.6,  1650,  205.7,  225.1,  -31.0,  31.7,  22.7,  --,  --,  --,  --,  --,  --,  --,  0.0,  --,  --, , TM4,20250114_095938, 2025-01-14 AM 9:59:38, , , Unknown Player, Driver, Premium, 42.669, 1.9999999999999998, -1.8, -9.2, 40.662, -0.24, 15.464999999999998, -2.0439999999999996, -0.244, 59.7358, 1.4, 14.309000000000001, -2.0339999999999994, 1534.36, Measured, -4.766, 105.41619873046875, 19.149141481630487, -7.230077875277264, 186.73830560405244, -15.34443169248847, -5.3097812756671345, 5.103204, 177.86423622330878, -14.376911300125377, 29.209472410091863, 31.43305015563965, 4.776315, 212.06778068072364, -18.0081959973138, 49.00325355123807, 7.009512853951293, 6.1160919123587085, -8.076, , , , , , , , TRUE, , , , , GRadar,20250114_095935, SD_2025.01.14_09.59.35_006, 59.70, 14.13, -3.46, 1126.0, -162.7, 1137.7, -8.2, 188.3, 216.3, 45.5, 98765.0, 98765.0, 98765.0, 98765.0, 60.69, 18.87, -3.50, 3900.9, -350.8, 3971.1, -7.3, 0, 1, , 
Wave,20250114_100050, SD_2025.01.14_10.00.50_083, 55.58, 21.65, 9.63, 4616.4, 1504.2, 4855.3, 18.0, 168.6, 175.0, 39.5, -2.4, 2.0, 42.4, -3.2, 55.84, 20.83, 5.15, 3718.3, 521.5, 3745.6, 6.8, 0, 1, , GCQ,20250114_100050, Driver,  Standard,  56.7,  21.0,  8.9,  4566,  1817,  21.7,  4914,  167.6,  175.9,  61.5,  50.2,  36.8,  --,  --,  --,  --,  --,  --,  --,  0.0,  --,  --, , TM4,20250114_0100050, 2025-01-14 AM 10:00:50, , , Unknown Player, Driver, Premium, 41.258, 1.7999999999999998, -2.4, -8.5, 40.32600000000001, -1.0080000000000002, 23.843, 10.335, 12.735, 56.3555, 1.3659, 20.504000000000005, 8.19, 4860.52, Measured, 30.479000000000003, 115.8069839477539, 33.812394561326236, 32.09792781544762, 132.010019569735, 41.85074413072711, 30.964708607021567, 4.117777, 179.9174195895578, 63.55365151261787, 45.5983417010585, 27.33816146850586, 6.522328, 191.68905488687528, 68.53721370675699, 51.71223607509541, 17.59061127381044, 9.06121446659897, 38.928, , , , , , , , TRUE, , , , , GRadar,20250114_100047, SD_2025.01.14_10.00.47_007, 55.88, 21.40, 7.80, 2468.9, 1268.1, 2775.5, 27.2, 180.8, 191.0, 40.8, 98765.0, 98765.0, 98765.0, 98765.0, 56.61, 21.57, 6.29, 5080.9, 1377.9, 5367.2, 14.6, 0, 1, , 
Wave,20250114_100223, SD_2025.01.14_10.02.23_085, 57.96, 19.02, 0.77, 3733.5, 1162.9, 3910.4, 17.3, 183.2, 191.2, 42.6, 1.4, -6.5, 41.1, -6.4, 57.79, 19.93, -0.72, 3513.4, 150.2, 3549.0, 2.0, 0, 1, , GCQ,20250114_100223, Driver,  Standard,  57.8,  19.3,  0.9,  3011,  667,  12.5,  3084,  189.7,  202.8,  24.9,  45.8,  35.3,  --,  --,  --,  --,  --,  --,  --,  0.0,  --,  --, , TM4,20250114_0100223, 2025-01-14 AM 10:02:23, , , Unknown Player, Driver, Premium, 41.467, 2, -4.6, -9.8, 35.43399999999999, -2.6379999999999995, 21.067000000000004, 0.709, 5.309, 58.0677, 1.4003, 18.804, 0.021, 3036.04, Measured, 20.569, 123.46581268310547, 29.932033671106762, 9.987065598706453, 193.29669097820008, 29.754620161495946, 3.721965332858871, 6.089171, 198.1518547212025, 31.33288748695595, 37.95607783304415, 29.046798706054688, 6.302891, 219.38476327233295, 38.14119824598121, 50.57520533398932, 8.60417660430667, 3.2521104753855052, 31.261, , , , , , , , TRUE, , , , , GRadar,20250114_100220, SD_2025.01.14_10.02.20_008, 57.90, 18.86, 0.06, 3491.3, 1375.0, 3752.4, 21.5, 187.3, 203.2, 42.4, 98765.0, 98765.0, 98765.0, 98765.0, 58.63, 20.92, -2.02, 3990.4, -550.3, 4202.2, -11.2, 0, 1, , 
Wave,20250114_100448, SD_2025.01.14_10.04.48_087, 58.31, 11.95, -5.57, 2490.8, -358.0, 2516.4, -8.2, 185.6, 204.9, 42.6, 0.2, -5.2, 41.2, -4.7, 22.59, 27.93, 0.24, 1979.9, -87.8, 2006.2, -2.4, 0, 0, , GCQ,20250114_100448, Driver,  Standard,  58.2,  13.7,  -2.8,  1142,  -1099,  -43.9,  1585,  171.8,  200.4,  -52.4,  24.2,  14.7,  --,  --,  --,  --,  --,  --,  --,  0.0,  --,  --, , TM4,20250114_0100448, 2025-01-14 AM 10:04:48, , , Unknown Player, Driver, Premium, 41.616, 2.6, -3.6, -11.5, 41.556, -1.198, 14.294, -3.0400000000000005, 0.56, 58.763, 1.412, 13.315, -3.0890000000000004, 1279.7, Measured, -41.84199999999999, 90.77070617675781, 12.621054396851608, -11.763475321496893, 145.33926867350326, -25.241495594000295, 4.6380943777257375, 3.468009, 159.11699454813578, -29.007941147159883, 20.49682074339759, 32.730560302734375, 3.909343, 202.59601534471773, -41.00163901629715, 50.91701408503189, 14.2371976111678, 7.025079981496523, -20.535, , , , , , , , TRUE, , , , , GRadar,20250114_100444, SD_2025.01.14_10.04.44_009, 58.32, 11.73, -4.04, 1261.0, -938.6, 1572.0, -36.7, 160.2, 185.8, 44.0, 98765.0, 98765.0, 98765.0, 98765.0, 60.41, 19.79, -3.51, 3722.9, 114.6, 3764.0, -0.1, 0, 1, , 
Wave,20250114_100629, SD_2025.01.14_10.06.29_089, 57.26, 10.40, -8.58, 1784.4, -1650.8, 2430.9, -42.8, 149.8, 174.4, 42.5, 3.8, -2.0, 49.2, 3.8, 48.21, 24.44, 1.85, 4045.0, 262.8, 4039.0, -0.7, 0, 0, , GCQ,20250114_100629, Driver,  Standard,  59.0,  10.7,  -6.4,  738,  -1419,  -62.5,  1599,  134.0,  172.7,  -55.7,  16.0,  7.9,  --,  --,  --,  --,  --,  --,  --,  0.0,  --,  --, , TM4,20250114_0100628, 2025-01-14 AM 10:06:28, , , Unknown Player, Driver, Premium, 40.819, 3.3999999999999995, 1.6, -12.8, 49.326, 4.005, 11.419, -7.418000000000001, -9.018, 59.1131, 1.4482, 10.737000000000002, -6.628, 1356.52, Measured, , 67.10411071777344, 7.401229078920719, -11.591912409817175, 103.29542648374941, -19.987590129774123, 4.747170904603417, 2.294367, 129.81916326019513, -26.356233723403047, 13.17790327879879, 33.20842742919922, 3.070972, 179.561940742491, -38.45988384128498, 51.6117010550576, -10.885320904632016, 3.4327166437745587, , , , , , , , , TRUE, , , , , GRadar,20250114_100625, SD_2025.01.14_10.06.25_011, 58.20, 9.35, -7.31, 617.0, -781.0, 995.3, -51.7, 123.1, 152.3, 44.0, 98765.0, 98765.0, 98765.0, 98765.0, 58.78, 14.24, -3.34, 2622.6, -382.4, 2699.1, -11.0, 0, 1, , 
Wave,20250114_100810, SD_2025.01.14_10.08.10_091, 60.59, 13.15, -2.83, 2636.4, 232.2, 2646.6, 5.0, 199.8, 218.6, 44.1, 1.2, -5.3, 42.8, -4.2, 76.18, 17.66, -0.19, 7467.4, 67.7, 7488.2, 1.3, 0, 1, , GCQ,, , , , , , , , , , , , , , , , , , , , , , , , , , TM4,20250114_0100810, 2025-01-14 AM 10:08:10, , , Unknown Player, Driver, Premium, 41.973, 0.6, -2.3999999999999995, -4.3, 40.751999999999995, -2.476, 13.380999999999998, -2.257, 0.143, 60.7205, 1.4467, 11.12, -2.2970000000000006, 3050.21, Measured, 9.903, 119.65918731689453, 18.754743908531587, -0.916224183611247, 173.10572993943956, 1.809174470881658, 6.850376046814531, 4.832086, 185.79350791740646, 2.5752190055407445, 31.071985637008687, 26.434768676757812, 5.380122, 210.12156830772267, 3.9970055781720646, 50.70812112383206, -4.163358542796419, -6.907216372107749, 10.019, , , , , , , , TRUE, , , , , GRadar,20250114_100807, SD_2025.01.14_10.08.07_012, 60.41, 11.69, -2.86, 1387.0, 333.9, 1426.6, 13.5, 185.6, 201.4, 44.0, 98765.0, 98765.0, 98765.0, 98765.0, 61.57, 15.41, -5.36, 3128.2, -356.9, 3203.8, -8.5, 0, 1, , 
Wave,20250114_100931, SD_2025.01.14_10.09.31_092, 51.26, 19.06, 3.42, 5865.0, 613.8, 5897.0, 6.0, 149.9, 156.1, 38.0, -8.5, 0.8, 47.5, -9.7, 24.59, 26.16, 3.78, 2155.9, -54.9, 2155.7, -5.4, 0, 0, , GCQ,20250114_100931, Driver,  Standard,  52.0,  18.0,  2.8,  3438,  921,  15.0,  3559,  160.4,  172.2,  28.9,  42.0,  26.0,  --,  --,  --,  --,  --,  --,  --,  0.0,  --,  --, , TM4,20250114_0100930, 2025-01-14 AM 10:09:30, , , Unknown Player, Driver, Premium, 42.38, 1.4, -6, -7.6, 46.00900000000001, -5.23, 20.435999999999996, 3.225, 9.225000000000001, 52.0128, 1.2273, 17.722000000000005, 1.775, 3512.06, Measured, 30.631, 94.73764038085938, 22.35209828766351, 11.278299575799908, 151.835680128586, 26.199153542611178, 3.643901826413611, 4.726753, 157.22454863851235, 27.651847975097102, 34.863568896737334, 29.17221450805664, 4.95173, 180.6344120459094, 33.88904580043766, 56.396281043768106, 32.83595957533509, 10.691614691340204, 22.845, , , , , , , , TRUE, , , , , GRadar,20250114_100927, SD_2025.01.14_10.09.27_013, 51.11, 17.52, 1.88, 4824.2, 1755.0, 5133.5, 20.0, 150.1, 161.3, 44.0, 98765.0, 98765.0, 98765.0, 98765.0, 52.31, 20.32, -0.99, 5191.5, 209.3, 5254.4, 2.6, 0, 1, , 
Wave,20250114_101046, SD_2025.01.14_10.10.46_093, 58.73, 7.69, -7.93, 1501.9, -613.0, 1622.2, -22.2, 156.0, 182.5, 43.0, 2.5, -7.5, 44.2, -4.2, 70.25, 19.18, -0.40, 6372.1, 367.8, 6349.2, 5.4, 0, 1, , GCQ,20250114_101046, Driver,  Standard,  58.8,  6.1,  -5.7,  1808,  -1577,  -41.1,  2399,  134.1,  173.4,  -52.9,  12.7,  5.4,  --,  --,  --,  --,  --,  --,  --,  0.0,  --,  --, , TM4,20250114_0101046, 2025-01-14 AM 10:10:46, , , Unknown Player, Driver, Premium, 41.386, 2.8, -4.199999999999999, -11.3, 43.75500000000001, -2.0340000000000003, 7.732000000000001, -5.733, -1.5330000000000001, 59.1793, 1.4299, 6.183, -5.295, 2114.76, Measured, -20.475000000000005, 56.9776611328125, 3.940687911074674, -8.256216976958282, 95.55705505590278, -15.912920490935328, 1.4451357105199951, 2.042058, 106.07587467042607, -18.104773360652153, 8.849873825810594, 37.248226165771484, 2.322035, 163.448297132632, -30.221599841757474, 51.97202720099213, 14.594859980628726, -14.584237902230713, -8.382, , , , , , , , TRUE, , , , , GRadar,20250114_101043, SD_2025.01.14_10.10.43_014, 58.29, 6.08, -6.71, 1110.0, -775.0, 1353.8, -34.9, 118.2, 146.0, 44.0, 98765.0, 98765.0, 98765.0, 98765.0, 59.99, 15.52, -0.09, 3210.4, -839.5, 3578.1, -19.8, 0, 1, , 
Wave,20250114_101218, SD_2025.01.14_10.12.18_095, 57.93, 12.00, 4.88, 2271.3, 1773.5, 2881.7, 38.0, 162.3, 183.0, 42.6, 3.2, -3.6, 45.0, -1.7, 58.12, 12.47, 0.22, 3512.9, 888.4, 3632.0, 14.8, 0, 0, , GCQ,20250114_101218, Driver,  Standard,  58.3,  12.7,  4.4,  3791,  799,  11.9,  3874,  181.0,  193.7,  34.8,  39.5,  24.4,  --,  --,  --,  --,  --,  --,  --,  0.0,  --,  --, , TM4,20250114_0101217, 2025-01-14 AM 10:12:17, , , Unknown Player, Driver, Premium, 40.682, 0.6, -0.6, -4.6, 42.554, -0.696, 14.849999999999998, 4.852, 5.452, 58.4425, 1.4366, 12.138000000000002, 3.737, 3791.63, Measured, 18.673, 117.35321807861328, 20.66194158652379, 17.01278749470682, 162.21528149873345, 29.999434147030403, 11.214871097288976, 4.705099, 182.28038178735682, 35.97731408839516, 34.0905986178598, 26.596324920654297, 5.594206, 203.37113385415643, 42.12031209352577, 51.4407114295056, 4.66671744855679, -10.45824185838017, 24.254, , , , , , , , TRUE, , , , , GRadar,20250114_101214, SD_2025.01.14_10.12.14_015, 58.32, 12.43, 4.12, 2980.3, 698.0, 3060.9, 13.2, 174.6, 191.7, 42.4, 98765.0, 98765.0, 98765.0, 98765.0, 51.73, 14.16, 2.53, 2545.5, -387.7, 2674.8, -13.2, 0, 1, , 
Wave,20250114_101329, SD_2025.01.14_10.13.29_096, 58.08, 9.90, 0.53, 2120.8, 721.5, 2240.2, 18.8, 172.6, 195.3, 44.0, 2.1, -3.0, 42.5, -1.0, 74.36, 18.50, 0.20, 7302.0, 148.5, 7382.9, 2.2, 0, 1, , GCQ,20250114_101329, Driver,  Standard,  58.7,  9.8,  0.7,  3078,  620,  11.4,  3140,  182.4,  199.6,  20.3,  31.6,  17.8,  --,  --,  --,  --,  --,  --,  --,  0.0,  --,  --, , TM4,20250114_0101329, 2025-01-14 AM 10:13:29, , , Unknown Player, Driver, Premium, 41.363, 0.4, 0.2, -3.9, 41.433, 0.13600000000000004, 11.825999999999999, 0.546, 0.346, 59.0061, 1.4265, 9.456000000000001, 0.484, 3106.98, Measured, 14.401, 101.23822784423828, 12.316339805282036, 4.717504215975166, 157.68029824108478, 11.60786022879773, 2.337111221605492, 4.286487, 163.29236416597092, 12.417055927770143, 23.737877269061958, 27.596763610839844, 4.506942, 194.48194772614508, 16.91245158080544, 48.78731394282005, -4.530537704786844, -13.605419304537179, 11.041, , , , , , , , TRUE, , , , , GRadar,20250114_101325, SD_2025.01.14_10.13.25_016, 58.75, 9.13, 0.34, 1820.3, 411.4, 1866.2, 12.7, 166.3, 190.2, 44.0, 98765.0, 98765.0, 98765.0, 98765.0, 58.79, 16.76, -2.03, 3549.3, 284.3, 3579.7, 4.2, 0, 1, , 
Wave,20250114_101443, SD_2025.01.14_10.14.43_097, 49.39, 27.85, 1.66, 7061.3, 927.0, 7121.9, 7.5, 135.3, 138.8, 42.5, 1.0, -2.2, 45.8, -2.0, 49.78, 24.98, 1.15, 6895.2, 77.5, 6915.4, 0.7, 0, 1, , GCQ,20250114_101443, Driver,  Standard,  50.9,  26.7,  1.9,  5546,  203,  2.1,  5550,  143.3,  150.4,  7.8,  53.0,  39.3,  --,  --,  --,  --,  --,  --,  --,  0.0,  --,  --, , TM4,20250114_0101443, 2025-01-14 AM 10:14:43, , , Unknown Player, Driver, Premium, 41.198, 1, -0.9999999999999999, -6.3, 41.76199999999999, -0.38199999999999995, 31.072999999999997, 1.733, 2.733, 50.6494, 1.2294, 26.184999999999995, 1.209, 5518.92, Measured, 7.325000000000001, 97.46643829345703, 37.84203332684338, 4.801296499564941, 124.5747312197193, 9.369775996873903, 23.534388976245637, 5.270778, 146.35588597621592, 12.36211102730529, 52.43725204013396, 25.62076759338379, 6.676999, 152.65677821545847, 13.147113101458054, 52.50876960649862, 11.633338329621456, 13.034178900094842, 9.282, , , , , , , , TRUE, , , , , GRadar,20250114_101440, SD_2025.01.14_10.14.40_017, 50.00, 25.25, 0.52, 3709.1, -297.0, 3721.0, -4.6, 140.7, 145.3, 44.0, 98765.0, 98765.0, 98765.0, 98765.0, 50.00, 24.14, -2.31, 6320.2, 63.6, 6369.1, 1.3, 0, 1, , 
Wave,20250114_101620, SD_2025.01.14_10.16.20_098, 56.07, 6.01, -10.33, 1529.5, -934.7, 1792.5, -31.4, 120.1, 147.5, 41.0, 4.8, -3.8, 47.5, 4.6, 56.30, 5.49, -4.44, 2738.0, -3.2, 2836.9, 0.5, 0, 0, , GCQ,20250114_101620, Driver,  Standard,  56.0,  4.9,  -9.0,  1277,  -508,  -21.7,  1374,  105.5,  164.0,  -37.2,  7.4,  2.8,  --,  --,  --,  --,  --,  --,  --,  0.0,  --,  --, , TM4,20250114_0101620, 2025-01-14 AM 10:16:20, , , Unknown Player, Driver, Premium, 43.233, 8.7, -2.3, -29.4, 48.069, 5.417, 3.4070000000000005, -11.029, -8.729, 56.1915, 1.2997, 3.970000000000001, -10.129, 1324.81, Measured, 13.117999999999997, 55.129844665527344, 2.364280207791625, -9.171601429947469, 77.90765937339964, -12.555877070270755, 1.7526378690325681, 1.643745, 98.00397257053868, -15.085514337895056, 6.965877778865263, 37.65041732788086, 2.16033, 157.46614407055637, -21.930739842070196, , , , 2.179, , , , , , , , TRUE, , , , , GRadar,20250114_101617, SD_2025.01.14_10.16.17_018, 56.27, 3.81, -10.03, 1275.0, -279.0, 1305.2, -12.3, 101.9, 127.3, 44.0, 98765.0, 98765.0, 98765.0, 98765.0, 57.19, 15.47, -2.91, 3460.9, 117.3, 3455.9, 0.6, 0, 1, , 
Wave,20250114_101734, SD_2025.01.14_10.17.34_099, 62.46, 10.37, -7.83, 2219.5, -881.2, 2388.0, -21.7, 196.2, 220.4, 45.5, 2.5, -5.9, 43.1, -2.1, 62.64, 11.65, -4.00, 1677.8, -412.5, 1779.9, -16.3, 0, 1, , GCQ,, , , , , , , , , , , , , , , , , , , , , , , , , , TM4,20250114_0101734, 2025-01-14 AM 10:17:34, , , Unknown Player, Driver, Premium, 43.151, 3, -2.6, -12.2, 44.923, -0.24, 10.648, -7.812, -5.212, 63.3361, 1.4678, 9.268, -6.872, 2337.86, Measured, -9.346, 115.61207580566406, 14.862332562084893, -17.418998328071357, 176.76577129994917, -28.793212002258784, 3.2035447294696775, 4.516399, 184.07880774691282, -30.136546974095364, 24.891589316594317, 28.698816299438477, 4.793934, 216.9506505909042, -36.11770527568845, 50.319979331214064, 1.1527735488650932, -4.775780938312489, -8.192, , , , , , , , TRUE, , , , , GRadar,20250114_101731, SD_2025.01.14_10.17.31_019, 62.34, 8.72, -7.36, 1908.4, -173.7, 1916.3, -5.2, 193.2, 222.6, 45.5, 98765.0, 98765.0, 98765.0, 98765.0, 64.56, 17.05, 0.29, 3249.7, -38.6, 3285.9, -3.1, 0, 1, , 
Wave,20250114_101845, SD_2025.01.14_10.18.45_101, 56.18, 14.08, 2.02, 2912.2, 1405.9, 3233.8, 25.8, 170.6, 187.8, 41.1, -0.2, -6.6, 42.8, -9.1, 26.30, 26.07, 0.63, 2191.5, -134.1, 2209.3, -3.8, 0, 0, , GCQ,20250114_101845, Driver,  Standard,  56.5,  14.3,  1.8,  2311,  133,  3.3,  2315,  188.3,  207.5,  11.7,  34.8,  22.7,  --,  --,  --,  --,  --,  --,  --,  0.0,  --,  --, , TM4,20250114_0101845, 2025-01-14 AM 10:18:45, , , Unknown Player, Driver, Premium, 42.652, 1.7999999999999998, -5, -8.5, 43.878, -3.7859999999999996, 15.564999999999998, 2.143, 7.143, 56.775, 1.3311, 13.966, 1.263, 2284.87, Measured, 13.005, 109.97566223144531, 18.50901778904307, 5.674174745062237, 165.6131121413066, 12.573033611086494, 7.468395549574634, 4.580862, 180.6923279719148, 14.757615896432364, 29.43885701243652, 28.227657318115234, 5.181749, 209.41381658860604, 18.9225361182254, 52.691592951240665, 25.34374355241701, 4.948894503542612, 10.785, , , , , , , , TRUE, , , , , GRadar,20250114_101842, SD_2025.01.14_10.18.42_020, 57.01, 14.15, 1.14, 1531.0, 310.7, 1562.2, 11.5, 185.2, 218.6, 42.4, 98765.0, 98765.0, 98765.0, 98765.0, 57.03, 15.29, -1.98, 4340.2, -539.7, 4486.6, -8.2, 0, 1, , 
Wave,20250114_102021, SD_2025.01.14_10.20.21_104, 62.55, 7.84, -5.14, 1132.2, 57.5, 1133.6, 2.9, 178.8, 212.2, 46.9, 4.6, -7.1, 43.6, -1.5, 62.28, 9.30, -4.54, 2935.3, 567.5, 2974.4, 11.5, 0, 0, , GCQ,, , , , , , , , , , , , , , , , , , , , , , , , , , TM4,20250114_0102021, 2025-01-14 AM 10:20:21, , , Unknown Player, Driver, Premium, 43.058, 2.3999999999999995, -1.4, -10.7, 42.674, 0.5349999999999999, 10.396, -2.9260000000000006, -1.5260000000000002, 62.7306, 1.4569, 8.799, -2.6450000000000005, 2258.92, Measured, -42.29399999999999, 85.55111694335938, 8.966812626279427, -10.801998745027976, 152.634033473207, -27.10948766674122, -4.204300777224304, 3.679003, 142.09509238761692, -24.146972865390037, 19.38659993067885, 32.84834671020508, 3.329371, 185.0857899285998, -35.81963125154196, 50.25581827704582, 6.657480902953344, -10.247177273647084, -17.659, , , , , , , , TRUE, , , , , GRadar,20250114_102018, SD_2025.01.14_10.20.18_021, 61.93, 8.82, -4.02, 1159.0, -899.0, 1466.8, -37.8, 156.7, 193.0, 45.5, 98765.0, 98765.0, 98765.0, 98765.0, 63.04, 13.20, -1.07, 3177.4, -211.1, 3208.5, -3.4, 0, 1, , 
Wave,20250114_102133, SD_2025.01.14_10.21.33_106, 61.60, 10.98, -4.93, 2214.0, 289.9, 2232.9, 7.5, 200.1, 224.1, 45.6, 3.1, -5.0, 46.1, -1.3, 62.36, 12.95, -4.64, 2003.0, -296.9, 2094.9, -9.8, 0, 0, , GCQ,, , , , , , , , , , , , , , , , , , , , , , , , , , TM4,20250114_0102133, 2025-01-14 AM 10:21:33, , , Unknown Player, Driver, Premium, 42.941, 2.6, -1.8, -10.5, 45.782, 0.081, 12.242, -4.673, -2.873, 62.8039, 1.4626, 11.164, -4.35, 1567.56, Measured, 8.78, 109.25958251953125, 15.10136130402342, -5.902726653746294, 184.4706048397971, -6.673242378739715, -2.248724204687356, 4.746783, 179.88933566206188, -6.725142885897673, 25.224938840364803, 30.919296264648438, 4.581725, 216.57267433029094, -6.374088645187458, 51.215607189980354, 1.0168098686086926, -2.266320565516216, 6.929, , , , , , , , TRUE, , , , , GRadar,20250114_102130, SD_2025.01.14_10.21.30_022, 62.05, 11.63, -4.49, 841.0, 277.0, 885.4, 18.2, 184.0, 212.1, 45.5, 98765.0, 98765.0, 98765.0, 98765.0, 63.84, 17.15, -2.54, 3444.6, 30.2, 3515.3, -2.5, 0, 1, , 
Wave,20250114_102246, SD_2025.01.14_10.22.46_107, 58.64, 12.00, 1.24, 2899.9, 270.6, 2912.5, 5.3, 186.3, 204.2, 44.0, -1.6, -0.0, 45.9, -2.2, 71.48, 19.23, 0.18, 6922.0, 287.9, 6964.1, 3.3, 0, 1, , GCQ,20250114_102246, Driver,  Standard,  59.1,  11.9,  2.3,  2067,  -1008,  -26.0,  2300,  186.2,  206.0,  -28.1,  29.2,  17.7,  --,  --,  --,  --,  --,  --,  --,  0.0,  --,  --, , TM4,20250114_0102246, 2025-01-14 AM 10:22:46, , , Unknown Player, Driver, Premium, 42.429, 2.2000000000000006, -0.8, -9.5, 46.657000000000004, 0.6820000000000002, 12.983999999999998, 2.627, 3.427, 59.2799, 1.3972, 11.343, 2.0770000000000004, 2275.13, Measured, -22.982999999999997, 97.57228088378906, 13.323537953994272, -1.7682306949129551, 141.0154078446928, -6.0551232730468865, 7.902525045755678, 3.532428, 164.58625786218795, -8.89756324973059, 22.790000525828457, 28.98880386352539, 4.378298, 199.47801875047784, -13.284781804156221, 53.08310846655992, 21.547847876761093, -0.23633336496375237, -14.848, , , , , , , , TRUE, , , , , GRadar,20250114_102243, SD_2025.01.14_10.22.43_023, 59.05, 11.66, 1.51, 1151.0, -659.4, 1326.5, -29.8, 167.9, 198.4, 45.5, 98765.0, 98765.0, 98765.0, 98765.0, 59.77, 18.22, -0.44, 3827.5, -9.1, 3853.5, -1.3, 0, 1, , 
Wave,20250114_102516, SD_2025.01.14_10.25.16_110, 62.28, 9.91, -1.63, 2262.9, 10.0, 2263.0, 0.3, 200.7, 225.4, 47.5, 2.2, -2.1, 46.6, 0.5, 54.79, 21.17, -0.84, 3337.7, -49.7, 3334.6, -0.5, 0, 0, , GCQ,, , , , , , , , , , , , , , , , , , , , , , , , , , TM4,20250114_0102516, 2025-01-14 AM 10:25:16, , , Unknown Player, Driver, Premium, 42.605, 2.8, -0.2, -11.3, 45.055, 1.9399999999999995, 12.038000000000002, -1.549, -1.349, 62.2455, 1.461, 10.59, -1.348, 2020.97, Measured, 6.060999999999998, 112.71613311767578, 14.820316383166444, -1.1006966706627737, 180.98732286310312, 0.6648971498989957, 1.0891861856292717, 4.642674, 183.41596283651745, 0.7581553787687434, 24.550137305111683, 29.647674560546875, 4.732456, 218.3210320870977, 2.0937662272050614, 51.96955987533934, 1.3451120657954823, -8.736555002033821, 5.073, , , , , , , , TRUE, , , , , GRadar,20250114_102513, SD_2025.01.14_10.25.13_024, 61.65, 11.36, -1.84, 970.0, 104.0, 975.6, 6.1, 188.6, 226.4, 45.5, 98765.0, 98765.0, 98765.0, 98765.0, 62.84, 15.21, -3.67, 3296.7, 14.0, 3335.0, -0.8, 0, 1, , 
Wave,20250114_102630, SD_2025.01.14_10.26.30_112, 60.89, 8.52, -1.52, 2059.8, 378.9, 2094.4, 10.4, 184.7, 212.3, 45.6, 1.3, -3.9, 45.3, -2.8, 32.20, 26.07, 1.56, 2821.0, 109.0, 2838.6, 0.6, 0, 0, , GCQ,20250114_102630, Driver,  Standard,  61.1,  8.2,  -1.1,  2762,  261,  5.4,  2774,  192.1,  211.7,  4.9,  28.2,  15.9,  --,  --,  --,  --,  --,  --,  --,  0.0,  --,  --, , TM4,20250114_0102630, 2025-01-14 AM 10:26:30, , , Unknown Player, Driver, Premium, 43.211, 1, -1.9999999999999998, -6.1, 44.29900000000001, -1.5170000000000001, 9.523, -1.144, 0.856, 61.3459, 1.4197, 7.503999999999999, -1.3709999999999998, 2768.42, Measured, 11.139000000000001, 120.57012176513672, 12.66662092557183, 2.12934086684189, 184.65716988595437, 9.888101690908963, -0.45144878777576725, 4.979113, 183.69216399306205, 9.725688925114662, 24.70282135712648, 27.15926170349121, 4.939659, 214.0180055624438, 14.795070389996472, 52.335227463154034, 1.0990923593278175, -13.4944594349352, 14.112, , , , , , , , TRUE, , , , , GRadar,20250114_102627, SD_2025.01.14_10.26.27_025, 60.52, 8.01, -1.96, 1845.5, 312.2, 1871.8, 9.6, 183.9, 212.2, 45.5, 98765.0, 98765.0, 98765.0, 98765.0, 62.35, 12.89, -3.97, 3153.2, -104.0, 3194.6, -2.5, 0, 1, , 
Wave,20250114_102741, SD_2025.01.14_10.27.41_114, 59.11, 13.62, 0.16, 2858.9, -109.4, 2861.0, -2.2, 192.9, 208.5, 44.2, 0.6, 0.9, 48.8, 1.7, 27.04, 26.88, 1.10, 2465.9, -35.6, 2438.2, -1.8, 0, 0, , GCQ,20250114_102741, Driver,  Standard,  60.0,  12.1,  0.4,  2134,  258,  6.9,  2150,  201.4,  221.7,  12.4,  31.4,  20.6,  --,  --,  --,  --,  --,  --,  --,  0.0,  --,  --, , TM4,20250114_0102741, 2025-01-14 AM 10:27:41, , , Unknown Player, Driver, Premium, 41.347, 2.2000000000000006, 0.4, -9.2, 47.21900000000001, 1.9150000000000003, 13.156000000000002, -0.094, -0.49400000000000005, 60.3972, 1.4607, 11.576, -0.014, 2122.71, Measured, 7.792000000000001, 112.94835662841797, 16.68973170629773, 2.401164703285195, 157.76236988673966, 5.127313300171012, 10.494236774298288, 4.056608, 184.14251708508513, 7.020769197339655, 27.0298444608597, 27.894161224365234, 5.07032, 214.6311143032975, 9.286504439947219, 53.449153873316384, 4.937182353726128, 1.0673419593687044, 7.066, , , , , , , , TRUE, , , , , GRadar,20250114_102738, SD_2025.01.14_10.27.38_026, 59.97, 12.21, -0.59, 1065.0, 258.3, 1095.9, 13.6, 185.4, 211.8, 44.0, 98765.0, 98765.0, 98765.0, 98765.0, 61.03, 18.27, -2.62, 3156.7, -236.7, 3229.5, -5.7, 0, 1, , 
Wave,20250114_103207, SI_2025.01.14_10.32.07_117, 40.05, 2.20, -1.87, 1779.6, 1763.6, 2505.4, 44.7, 19.9, 35.7, 38.0, 1.8, -6.7, 55.6, -1.2, 39.10, 7.48, -6.00, 5477.3, 429.2, 5634.2, 6.8, 0, 0, , GCQ,20250114_103207, Iron,  Standard,  40.3,  7.5,  -0.7,  67,  1072,  86.4,  1074,  41.2,  89.6,  7.7,  8.5,  1.5,  --,  --,  --,  --,  --,  --,  --,  0.0,  --,  --, , TM4,20250114_0103207, 2025-01-14 AM 10:32:07, , , Unknown Player, 7 Iron, Premium, 35.57, 1.6, 2.6, -4.1, 62.567, 3.477, -0.9730000000000001, -6.034999999999999, -8.635, 40.1704, 1.1293, 0.905, 0.20999999999999996, 5807.97, Measured, 4.645999999999982, 11.804817199707031, 0.16921812121460236, -0.2070439358543529, 22.077018713839205, -1.0310381998242892, -0.2931075441211218, 0.595814, 16.741878881268754, -0.45548606068001957, 4.292042618527702, 35.6813850402832, 0.440744, 65.05099726501015, -3.2971337679584143, 70.87027727535767, 3.863131415967065, -9.399633125712553, -0.516, , , , , , , , TRUE, , , , , GRadar,20250114_103204, SD_2025.01.14_10.32.04_027, 40.02, 3.23, -1.93, 1216.5, -327.2, 1259.7, -15.1, 27.6, 44.0, 39.3, 98765.0, 98765.0, 98765.0, 98765.0, 40.51, 21.00, 1.70, 6452.9, -32.9, 6465.4, -0.5, 0, 0, , 
Wave,20250114_103319, SI_2025.01.14_10.33.19_119, 46.30, 23.84, 2.15, 5904.7, -58.9, 5905.0, -0.6, 131.5, 137.2, 35.3, -3.8, 2.2, 58.4, -0.7, 47.42, 22.78, 0.10, 6197.5, 347.5, 6210.5, 3.3, 0, 0, , GCQ,20250114_103319, Iron,  Standard,  46.8,  23.2,  2.4,  4452,  -155,  -2.0,  4455,  136.5,  145.5,  3.9,  46.7,  28.2,  --,  --,  --,  --,  --,  --,  --,  0.0,  --,  --, , TM4,20250114_0103319, 2025-01-14 AM 10:33:19, , , Unknown Player, 7 Iron, Premium, 35.761, 0.2, 1.2000000000000002, -0.8, 57.598, 1.3320000000000003, 27.108, 1.8830000000000002, 0.683, 47.272, 1.3219, 22.886999999999997, 1.777, 4431.39, Measured, 6.961, 85.70470428466797, 25.59085277742023, 3.354994489300783, 130.4164086626862, 7.6161529491484306, 8.254907555264435, 4.85227, 140.46511120660088, 8.668848021200692, 41.99507217966547, 26.75026512145996, 5.35386, 155.02180843405003, 10.170110647612097, 69.1640484355208, 11.075950983918629, -4.525101624478602, 4.317, , , , , , , , TRUE, , , , , GRadar,20250114_103315, SD_2025.01.14_10.33.15_028, 46.14, 23.09, 1.23, 7092.9, 648.0, 7122.4, 5.2, 139.8, 149.2, 36.1, 98765.0, 98765.0, 98765.0, 98765.0, 47.04, 21.92, -1.49, 5089.7, -843.1, 5227.6, -10.2, 0, 0, , 
Wave,20250114_103438, SI_2025.01.14_10.34.38_120, 45.35, 23.14, -1.16, 5260.4, 455.4, 5280.1, 4.9, 130.0, 136.8, 35.7, -0.1, -3.8, 56.8, -4.6, 46.59, 22.50, -4.26, 6251.9, -211.2, 6321.7, -1.3, 0, 0, , GCQ,20250114_103438, Iron,  Standard,  45.7,  23.4,  -1.2,  3568,  -476,  -7.6,  3600,  135.9,  145.4,  -11.1,  44.9,  26.5,  --,  --,  --,  --,  --,  --,  --,  0.0,  --,  --, , TM4,20250114_0103438, 2025-01-14 AM 10:34:38, , , Unknown Player, 7 Iron, Premium, 35.078, 0.4000000000000001, 0.4, -1.2999999999999998, 60.475, 0.531, 26.195, -2.491, -2.8910000000000005, 46.2077, 1.3173, 22.745, -2.062, 3562.79, Measured, 12.243000000000004, 87.38617706298828, 25.641392312702987, -1.6167717545817066, 129.36614603705488, -0.15381397586934722, 8.646737027984114, 5.040148, 139.45538035897374, 0.2956409552519485, 43.44606399671723, 25.244365692138672, 5.585707, 153.12742879133742, 0.8481541409589899, 64.29445670370372, 6.046625824634484, -0.14283347542891703, 5.314, , , , , , , , TRUE, , , , , GRadar,20250114_103435, SD_2025.01.14_10.34.35_029, 45.84, 23.20, -2.31, 5629.8, 553.0, 5656.9, 5.6, 137.2, 146.5, 37.7, 98765.0, 98765.0, 98765.0, 98765.0, 46.16, 22.46, -2.03, 4340.4, -297.8, 4359.3, -6.7, 0, 1, , 
Wave,20250114_103643, SI_2025.01.14_10.36.43_121, 46.31, 22.89, -2.43, 5395.3, 698.1, 5440.3, 7.4, 133.2, 139.4, 38.2, 0.5, -6.2, 54.6, -6.7, 47.44, 21.57, -2.83, 6174.8, 111.8, 6244.6, 0.7, 0, 0, , GCQ,20250114_103643, Iron,  Standard,  47.0,  22.7,  -2.0,  5797,  -172,  -1.7,  5800,  132.6,  139.9,  -6.9,  47.9,  28.4,  --,  --,  --,  --,  --,  --,  --,  0.0,  --,  --, , TM4,20250114_0103643, 2025-01-14 AM 10:36:43, , , Unknown Player, 7 Iron, Premium, 35.602, 0, -1.7999999999999998, 0.1, 56.836999999999996, -2.0759999999999996, 27.557999999999996, -3.555, -1.755, 47.6993, 1.3398, 22.172999999999995, -3.194999999999999, 5709.09, Measured, -0.26099999999999995, 85.5610122680664, 26.593068454875105, -3.8566862973329825, 126.89876618954987, -3.361648781691623, 9.79629989828863, 4.914401, 138.32532128294642, -2.951380294440471, 43.53968253437863, 26.418853759765625, 5.508349, 149.81544118923222, -2.5518645394865684, 66.46555441841662, -1.9146192347991806, -4.15661873076572, 4.761, , , , , , , , TRUE, , , , , GRadar,20250114_103640, SD_2025.01.14_10.36.40_030, 46.29, 22.52, -3.25, 6848.4, 519.0, 6868.1, 4.3, 138.4, 145.5, 39.3, 98765.0, 98765.0, 98765.0, 98765.0, 47.25, 21.77, -2.83, 5173.8, -49.5, 5167.3, -2.7, 0, 1, , 
Wave,20250114_103755, SI_2025.01.14_10.37.55_123, 44.11, 1.74, 11.44, 2230.9, 1907.5, 2935.2, 40.5, 25.0, 40.8, 38.3, -4.8, -1.8, 53.5, -9.6, 45.33, 14.23, 5.89, 5395.6, 1852.3, 5723.9, 16.8, 0, 0, , GCQ,20250114_103755, Iron,  Standard,  44.7,  2.5,  11.2,  1371,  1846,  53.4,  2299,  31.3,  98.3,  31.1,  3.0,  0.7,  --,  --,  --,  --,  --,  --,  --,  0.0,  --,  --, , TM4,20250114_0103755, 2025-01-14 AM 10:37:55, , , Unknown Player, 7 Iron, Premium, 36.279, 0.6, -4.8, -1.7999999999999998, 53.497, -4.449, , , , 45.1308, 1.244, -0.30899999999999994, 12.591, 4585.21, Measured, -24.619000000000003, 0, 0, 0, 36.68309867150587, 6.770247560922589, 0.6799781997812634, 0.91115, 77.53846924154088, 12.249290356544678, 6.377326300959081, 25.311607360839844, 2.292074, 108.88867715081797, 15.688386474381037, 64.05527616547029, 27.282497439042142, -0.7491908906323954, -4.736, , , , , , , , TRUE, , , , , GRadar,20250114_103752, SD_2025.01.14_10.37.52_031, 43.79, 2.90, 11.23, 925.0, 0.0, 925.0, 0.0, 35.3, 54.8, 39.3, 98765.0, 98765.0, 98765.0, 98765.0, 45.00, 20.84, -2.74, 6409.5, -698.2, 6554.5, -6.9, 0, 1, , 
Wave,20250114_103908, SI_2025.01.14_10.39.08_126, 43.48, 18.01, -5.29, 4241.0, -735.8, 4304.3, -9.8, 120.3, 134.7, 39.5, 0.7, -2.3, 64.2, -1.1, 44.52, 19.01, -6.93, 4811.4, -1131.8, 4995.2, -13.6, 0, 0, , GCQ,20250114_103908, Iron,  Standard,  44.1,  18.2,  -4.0,  3159,  -2269,  -35.7,  3889,  118.0,  131.8,  -38.1,  34.8,  15.5,  --,  --,  --,  --,  --,  --,  --,  0.0,  --,  --, , TM4,20250114_0103908, 2025-01-14 AM 10:39:08, , , Unknown Player, 7 Iron, Premium, 36.416, -0.6, 2, 0.8999999999999999, 67.538, 1.775, 20.865000000000002, -7.307, -9.307, 44.6686, 1.2266, 17.428000000000004, -5.685, 3732.36, Measured, -7.0040000000000004, 74.97334289550781, 16.42177084320434, -8.538892832129484, 59.19531657537402, -6.800296878905328, 15.480864077189848, 1.791252, 121.63286916470258, -14.444620394854962, 36.464338533639506, 22.820032119750977, 4.729211, 137.758156145468, -16.364335929738036, 67.08450721290677, 13.303819951230869, 3.3554628596615443, -2.41, , , , , , , , TRUE, , , , , GRadar,20250114_103905, SD_2025.01.14_10.39.05_032, 43.82, 17.91, -5.13, 4170.0, -2025.0, 4635.7, -25.9, 114.4, 129.1, 39.3, 98765.0, 98765.0, 98765.0, 98765.0, 44.76, 22.81, -1.49, 6453.7, 502.1, 6596.9, 4.3, 0, 1, , 
Wave,20250114_104116, SI_2025.01.14_10.41.16_128, 44.02, 14.70, -2.80, 3351.9, -265.2, 3362.4, -4.5, 118.5, 137.2, 34.9, -0.1, -2.0, 51.1, -1.8, 44.93, 17.97, -3.61, 4056.0, -491.1, 4074.7, -7.5, 0, 0, , GCQ,20250114_104116, Iron,  Standard,  44.3,  15.9,  -0.8,  1605,  -1376,  -40.6,  2114,  115.9,  137.0,  -28.2,  25.9,  11.3,  --,  --,  --,  --,  --,  --,  --,  0.0,  --,  --, , TM4,20250114_0104116, 2025-01-14 AM 10:41:16, , , Unknown Player, 7 Iron, Premium, 36.449, , , , 61.268, 3.0660000000000003, , , , 45.1369, 1.2384, 15.533999999999997, -1.084, 2053.44, Measured, -19.228, 56.752925872802734, 9.942148712943586, -5.113614421205598, 107.10375059219677, -12.10741060213155, -3.5618708709874354, 3.299783, 100.3286812339178, -11.10284147468518, 25.696529598540533, 29.45561408996582, 3.04058, 133.78549248372116, -15.940271551549111, , , , -9.215, , , , , , , , TRUE, , , , , GRadar,20250114_104113, SD_2025.01.14_10.41.13_033, 44.24, 14.19, -2.48, 3835.3, -1419.0, 4089.4, -20.3, 107.3, 133.0, 36.1, 98765.0, 98765.0, 98765.0, 98765.0, 45.39, 20.73, -1.89, 4966.8, -315.8, 4991.5, -4.7, 0, 0, , 
Wave,20250114_104234, SI_2025.01.14_10.42.34_131, 48.50, 20.20, -1.50, 5216.4, 611.0, 5252.1, 6.7, 141.7, 149.6, 39.4, -1.2, -4.7, 57.3, -6.5, 49.57, 18.96, -5.18, 5931.2, 219.5, 5988.4, 2.0, 0, 0, , GCQ,20250114_104234, Iron,  Standard,  48.8,  19.6,  -2.2,  5099,  53,  0.6,  5099,  141.8,  151.6,  -5.0,  45.0,  26.2,  --,  --,  --,  --,  --,  --,  --,  0.0,  --,  --, , TM4,20250114_0104234, 2025-01-14 AM 10:42:34, , , Unknown Player, 7 Iron, Premium, 36.403, 0, -2.6, 0.1, 57.36800000000001, -2.8450000000000006, 23.066000000000003, -3.112, -0.512, 49.2878, 1.3539, 18.445, -3.0149999999999997, 5056.39, Measured, 15.639, 96.00247192382812, 25.765538330234495, -0.8992024710319987, 144.97170244508567, 3.094168667374458, 5.196292174089928, 5.418006, 151.00474794824916, 3.6706151614511793, 42.17291174405479, 25.19559097290039, 5.739845, 163.48317831491437, 4.795894993770133, 66.0414338591429, -1.5671791215592155, -9.173073689023475, 11.606, , , , , , , , TRUE, , , , , GRadar,20250114_104230, SD_2025.01.14_10.42.30_034, 48.85, 19.84, -3.26, 3541.3, 483.0, 3574.1, 7.8, 146.1, 154.2, 40.8, 98765.0, 98765.0, 98765.0, 98765.0, 49.68, 22.23, -2.08, 5374.9, 198.3, 5379.9, 1.9, 0, 1, , 
Wave,20250114_104344, SI_2025.01.14_10.43.44_134, 48.21, 4.24, -1.68, 1865.0, -663.8, 1979.6, -19.6, 73.1, 97.5, 39.3, -4.4, 1.3, 55.7, -1.6, 48.57, 9.20, -1.85, 5828.9, 324.9, 5933.3, 3.5, 0, 0, , GCQ,20250114_104344, Iron,  Standard,  48.4,  4.0,  -0.9,  1854,  -310,  -9.5,  1880,  81.3,  139.0,  -7.5,  6.5,  1.9,  --,  --,  --,  --,  --,  --,  --,  0.0,  --,  --, , TM4,20250114_0104344, 2025-01-14 AM 10:43:44, , , Unknown Player, 7 Iron, Premium, 36.873, 1.2999999999999998, -1.1000000000000003, -3.5999999999999996, 56.53000000000001, -0.23899999999999996, 5.78, -1.277, -0.17700000000000002, 48.9989, 1.3289, 4.07, -1.232, 1861.45, Measured, -17.988999999999997, 36.879940032958984, 1.5612086033041948, -1.5204565484263792, 80.74174867878308, -4.655417356020501, -2.215570942980398, 1.980952, 66.13709507282101, -3.462094421852939, 6.551843018681771, 36.94277572631836, 1.570844, 123.62487847395076, -7.8479453237180525, , , , -2.041, , , , , , , , TRUE, , , , , GRadar,20250114_104341, SD_2025.01.14_10.43.41_035, 48.12, 4.31, -1.37, 1565.0, -269.7, 1588.1, -9.8, 70.7, 94.6, 40.8, 98765.0, 98765.0, 98765.0, 98765.0, 49.79, 16.67, -2.82, 4809.7, -574.2, 4891.8, -10.0, 0, 1, , 
Wave,20250114_104458, SI_2025.01.14_10.44.58_137, 47.15, 12.89, 2.59, 3780.5, 642.2, 3834.7, 9.6, 128.7, 146.8, 38.1, -4.1, -0.3, 52.3, -5.0, 47.50, 13.10, -0.68, 5082.3, 715.3, 5119.3, 6.6, 0, 0, , GCQ,20250114_104458, Iron,  Standard,  47.4,  11.9,  2.0,  4603,  869,  10.7,  4684,  129.5,  145.2,  16.6,  31.3,  13.5,  --,  --,  --,  --,  --,  --,  --,  0.0,  --,  --, , TM4,20250114_0104458, 2025-01-14 AM 10:44:58, , , Unknown Player, 7 Iron, Premium, 35.719, -0.8, 0, 1.6, 56.324, -0.748, 16.113, 1.387, 1.387, 47.5698, 1.3318, 11.708, 0.9779999999999998, 4670.21, Measured, 17.827000000000005, 78.53765106201172, 12.291188500750573, 7.377643831959994, 126.59760828654346, 18.47862697739909, 1.23310078330506, 4.13996, 129.07901645733966, 19.123610313572875, 26.923941269280693, 25.897077560424805, 4.247595, 153.27037094597168, 25.381442227396896, 64.36804535768266, -1.4519632535643445, -8.871659934647035, 16.942, , , , , , , , TRUE, , , , , GRadar,20250114_104455, SD_2025.01.14_10.44.55_036, 47.05, 11.95, 1.30, 4791.9, 1402.0, 4992.8, 16.3, 123.8, 140.7, 39.3, 98765.0, 98765.0, 98765.0, 98765.0, 46.41, 16.49, -1.04, 5582.9, 221.7, 5621.6, 1.4, 0, 0, , 
Wave,, , , , , , , , , , , , , , , , , , , , , , , , , , GCQ,, , , , , , , , , , , , , , , , , , , , , , , , , , TM4,, , , , , , , , , , , , , , , , , , , , , , , , , , , , , , , , , , , , , , , , , , , , , , , , , , , , , GRadar,, , , , , , , , , , , , , , , , , , , , , , , , , , 
